{
  "ammo": "emxarms:339x57",
  "rpm": 680,
  "bullet": {
    "life": 0.6,
    "bullet_amount": 1,
    "damage": 9.8,
    "tracer_count_interval": 0,
    "extra_damage": {
      "armor_ignore": 0.25,
      "head_shot_multiplier": 1.55,
      "damage_adjust": [
        {"distance": 40, "damage": 9.8},
        {"distance": 65.5, "damage": 8},
        {"distance": "infinite", "damage": 7.5}
      ]
    },
    // 点燃目标
    "ignite": false,
    // 点燃时间，默认为 2 秒，仅用于实体
    "ignite_entity_time": 12,
    "speed": 240,
    "gravity": 0.0245,
    "knockback": 0,
    "friction": 0.012,
    "ignite": false,
    "pierce": 1
  },
  "ammo_amount": 75,
  "extended_mag_ammo_amount": [
    85,
    100,
    125
  ],
  "bolt": "closed_bolt",
  "reload": {
    "type": "magazine",
    "feed": {
      "empty": 2.71,
      "tactical": 1.63
    },
    "cooldown": {
      "empty": 3.17,
      "tactical": 2.5
    }
  },
  "draw_time": 0.3,
  "put_away_time": 0.43,
  "aim_time": 0.32,
  "sprint_time": 0.2,
  //重量
  "weight": 6.2,
  "movement_speed": {
    "base": 0.0,
    "aim": -0.15,
    "reload": -0.15
  },
  "fire_mode": [
    "auto",
    "burst",
    "semi"
  ],
  "burst_data": {
    "continuous_shoot": true,
    "count": 5,
    "bpm": 820,
    "min_interval": 0.4
  },
  "melee": {
    // 枪械距离参数，用来延升近战攻击范围
    // 会与刺刀等配件的距离做加和
    "distance": 1,
    // 使用时的冷却时间
    "cooldown": 0.6,
    // 默认近战数据，会被配件的数据替换掉
    "default": {
      // 动画类型：没有枪托的为 melee_push，有枪托的为 melee_stock
      "animation_type": "melee_push",
      // 刺刀距离参数，枪械里还有个刺刀攻击距离参数，两者做加和
      "distance": 2,
      // 刺刀范围角度
      "range_angle": 30,
      // 伤害值
      "damage": 2.0,
      // 击退效果
      "knockback": 0.5,
      // 前摇时长，单位：秒
      "prep": 0.1
    }
  },
  "allow_attachment_types": [
    "scope",
    "stock",
    "grip",
    "muzzle",
    "extended_mag"
  ],
  "recoil": {
    "pitch": [
      {"time": 0, "value": [0.78, 0.78]},
      {"time": 0.12, "value": [0.68, 0.68]},
      {"time": 0.3, "value": [-0.2, -0.2]},
      {"time": 0.45, "value": [0, 0]}
    ],
    "yaw": [
      {"time": 0, "value": [-0.18, 0.18]},
      {"time": 0.12, "value": [-0.15, 0.15]},
      {"time": 0.3, "value": [0, 0]}
    ]
  },
  "inaccuracy": {
    "stand": 4.2,
    "move": 4.5,
    "sneak": 3.4,
    "lie": 3,
    "aim": 0.245
  }
}